ts,open,high,low,close,volume,sma_50
2025-05-22 00:00:00+00:00,5858.0,5895.0,5828.75,5856.75,1419522.0,
2025-05-23 00:00:00+00:00,5869.25,5872.0,5756.5,5817.0,1537693.0,
2025-05-27 00:00:00+00:00,5820.0,5941.75,5813.0,5934.25,1288369.0,
2025-05-28 00:00:00+00:00,5940.75,5952.5,5890.0,5902.75,1181330.0,
2025-05-29 00:00:00+00:00,5923.5,6008.0,5884.0,5922.75,1414864.0,
2025-05-30 00:00:00+00:00,5912.25,5932.75,5853.25,5916.0,1633334.0,
2025-06-02 00:00:00+00:00,5898.75,5955.5,5867.5,5947.25,1194125.0,
2025-06-03 00:00:00+00:00,5949.0,5991.25,5909.25,5981.5,1154297.0,
2025-06-04 00:00:00+00:00,5980.0,5999.0,5974.0,5981.0,1097088.0,
2025-06-05 00:00:00+00:00,5974.25,6016.5,5928.75,5946.0,0.0,
2025-06-06 00:00:00+00:00,5931.75,6025.0,5930.0,6006.75,1278102.0,
2025-06-09 00:00:00+00:00,6010.0,6027.75,5992.25,6010.25,912371.0,
2025-06-10 00:00:00+00:00,6012.25,6049.5,5991.25,6045.0,1104373.0,
2025-06-11 00:00:00+00:00,6038.75,6074.75,6006.25,6029.0,1610313.0,
2025-06-12 00:00:00+00:00,6022.25,6051.25,5987.75,6049.5,1330953.0,
2025-06-13 00:00:00+00:00,6045.0,6045.0,5927.5,5979.25,2162167.0,
2025-06-16 00:00:00+00:00,5949.0,6055.25,5944.0,6035.75,1744867.0,
2025-06-17 00:00:00+00:00,6038.5,6040.5,5976.75,5985.0,870571.0,
2025-06-18 00:00:00+00:00,5977.25,6020.75,5964.75,5981.5,0.0,
2025-06-20 00:00:00+00:00,5984.0,6019.25,5918.25,6010.2099609375,1694443.0,
2025-06-23 00:00:00+00:00,5964.0,6081.5,5959.0,6077.0,1358034.0,
2025-06-24 00:00:00+00:00,6078.0,6155.25,6075.25,6146.25,1077333.0,
2025-06-25 00:00:00+00:00,6144.75,6160.25,6130.75,6147.0,902500.0,
2025-06-26 00:00:00+00:00,6144.75,6200.0,6141.25,6195.0,1039428.0,
2025-06-27 00:00:00+00:00,6197.5,6239.0,6183.25,6223.75,1353399.0,
2025-06-30 00:00:00+00:00,6223.25,6265.5,6223.25,6253.75,1364101.0,
2025-07-01 00:00:00+00:00,6245.75,6261.5,6227.25,6248.75,1320618.0,
2025-07-02 00:00:00+00:00,6247.75,6279.5,6235.5,6275.0,1044261.0,
2025-07-03 00:00:00+00:00,6276.5,6333.25,6270.5,6324.25,0.0,
2025-07-04 00:00:00+00:00,6320.75,6322.75,6276.5,6283.5,0.0,
2025-07-07 00:00:00+00:00,6307.75,6315.0,6246.25,6276.0,1376613.0,
2025-07-08 00:00:00+00:00,6262.5,6289.0,6254.5,6272.0,1073914.0,
2025-07-09 00:00:00+00:00,6272.0,6315.25,6260.0,6307.25,1144723.0,
2025-07-10 00:00:00+00:00,6306.0,6335.5,6287.5,6324.25,948393.0,
2025-07-11 00:00:00+00:00,6323.0,6330.25,6276.75,6300.0,1100047.0,
2025-07-14 00:00:00+00:00,6274.0,6315.0,6259.75,6311.0,909223.0,
2025-07-15 00:00:00+00:00,6309.5,6343.0,6272.5,6284.0,1279068.0,
2025-07-16 00:00:00+00:00,6273.75,6308.75,6241.0,6303.25,1462969.0,
2025-07-17 00:00:00+00:00,6299.25,6345.5,6288.25,6340.5,1052843.0,
2025-07-18 00:00:00+00:00,6342.5,6357.0,6323.25,6334.75,1050307.0,
2025-07-21 00:00:00+00:00,6335.75,6374.0,6329.75,6344.75,934271.0,
2025-07-22 00:00:00+00:00,6347.0,6353.75,6318.75,6346.75,1130356.0,
2025-07-23 00:00:00+00:00,6346.5,6407.25,6342.75,6396.25,1203541.0,
2025-07-24 00:00:00+00:00,6404.0,6418.25,6391.5,6401.5,1073595.0,
2025-07-25 00:00:00+00:00,6406.75,6431.0,6401.0,6425.0,829856.0,
2025-07-28 00:00:00+00:00,6450.0,6457.75,6408.75,6422.75,972646.0,
2025-07-29 00:00:00+00:00,6424.25,6442.5,6396.25,6406.0,1122508.0,
2025-07-30 00:00:00+00:00,6404.0,6435.25,6366.75,6396.25,1302795.0,
2025-07-31 00:00:00+00:00,6435.5,6468.5,6357.5,6374.25,1857020.0,
2025-08-01 00:00:00+00:00,6359.5,6373.5,6239.5,6264.5,2287699.0,6166.85419921875
2025-08-04 00:00:00+00:00,6257.0,6370.0,6251.25,6356.0,1304652.0,6176.83919921875
2025-08-05 00:00:00+00:00,6370.0,6377.5,6315.5,6325.25,1402448.0,6187.00419921875
2025-08-06 00:00:00+00:00,6323.0,6379.5,6313.25,6371.0,1233346.0,6195.73919921875
2025-08-07 00:00:00+00:00,6371.0,6426.75,6334.5,6366.5,1458573.0,6205.01419921875
2025-08-08 00:00:00+00:00,6372.5,6425.75,6369.25,6413.5,1196497.0,6214.82919921875
2025-08-11 00:00:00+00:00,6422.75,6431.5,6387.5,6399.75,1073359.0,6224.50419921875
2025-08-12 00:00:00+00:00,6396.0,6470.0,6391.25,6468.5,1271180.0,6234.92919921875
2025-08-13 00:00:00+00:00,6468.0,6502.5,6461.0,6488.75,1111683.0,6245.07419921875
2025-08-14 00:00:00+00:00,6485.0,6496.0,6453.25,6490.5,1186070.0,6255.26419921875
2025-08-15 00:00:00+00:00,6489.25,6508.75,6461.5,6471.5,1122157.0,6265.77419921875
2025-08-18 00:00:00+00:00,6467.0,6484.25,6456.0,6469.25,860451.0,6275.02419921875
2025-08-19 00:00:00+00:00,6468.5,6477.5,6419.25,6432.5,1224317.0,6283.46919921875
2025-08-20 00:00:00+00:00,6433.0,6438.0,6362.75,6413.25,1609469.0,6290.83419921875
2025-08-21 00:00:00+00:00,6414.25,6419.0,6370.25,6388.25,1200689.0,6298.01919921875
2025-08-22 00:00:00+00:00,6392.0,6496.25,6364.0,6483.25,1420723.0,6306.69419921875
2025-08-25 00:00:00+00:00,6493.0,6494.0,6453.0,6455.5,932515.0,6316.21919921875
2025-08-26 00:00:00+00:00,6460.25,6487.5,6430.75,6482.5,1133761.0,6325.15419921875
2025-08-27 00:00:00+00:00,6486.75,6505.5,6459.25,6496.0,957730.0,6335.37419921875
2025-08-28 00:00:00+00:00,6485.0,6523.0,6471.0,6517.5,1170397.0,6346.09419921875
2025-08-29 00:00:00+00:00,6516.0,6518.0,6455.5,6472.75,0.0,6355.345
2025-09-02 00:00:00+00:00,6478.75,6491.5,6371.75,6425.5,1802584.0,6362.315
2025-09-03 00:00:00+00:00,6448.0,6464.25,6425.5,6457.25,1435997.0,6368.535
2025-09-04 00:00:00+00:00,6460.0,6516.75,6454.5,6510.75,1186477.0,6375.81
2025-09-05 00:00:00+00:00,6515.75,6541.75,6452.0,6489.75,1710784.0,6381.705
2025-09-08 00:00:00+00:00,6483.75,6516.5,6480.25,6506.0,1187985.0,6387.35
2025-09-09 00:00:00+00:00,6507.75,6536.25,6489.25,6521.75,1169514.0,6392.71
2025-09-10 00:00:00+00:00,6532.25,6565.25,6522.5,6539.75,1381759.0,6398.53
2025-09-11 00:00:00+00:00,6535.75,6600.0,6535.5,6592.5,1282669.0,6404.88
2025-09-12 00:00:00+00:00,6596.25,6606.0,6576.0,6588.25,1601056.0,6410.16
2025-09-15 00:00:00+00:00,6588.25,6623.5,6585.25,6621.5,1539732.0,6416.92
2025-09-16 00:00:00+00:00,6616.25,6639.0,6604.25,6610.75,837034.0,6423.615
2025-09-17 00:00:00+00:00,6613.0,6629.0,6554.0,6601.25,560841.0,6430.2
2025-09-18 00:00:00+00:00,6606.0,6662.0,6605.75,6635.0,339967.0,6436.755
2025-09-19 00:00:00+00:00,6640.0,6660.75,6622.75,6658.77001953125,1369003.0,6443.445400390625
2025-09-22 00:00:00+00:00,6716.0,6756.75,6695.25,6752.5,1081569.0,6452.495400390625
2025-09-23 00:00:00+00:00,6749.5,6756.5,6701.75,6715.0,1264195.0,6460.575400390625
2025-09-24 00:00:00+00:00,6717.75,6728.75,6678.0,6692.25,1250173.0,6468.740400390625
2025-09-25 00:00:00+00:00,6697.25,6705.25,6624.25,6659.75,1710507.0,6475.870400390625
2025-09-26 00:00:00+00:00,6662.75,6703.75,6653.25,6696.5,1338413.0,6482.990400390625
2025-09-29 00:00:00+00:00,6697.0,6736.0,6696.25,6713.5,1209953.0,6490.565400390625
2025-09-30 00:00:00+00:00,6708.0,6743.5,6693.0,6738.75,1521737.0,6498.445400390625
2025-10-01 00:00:00+00:00,6725.5,6769.5,6680.0,6761.5,1312743.0,6506.740400390625
2025-10-02 00:00:00+00:00,6757.0,6782.25,6741.5,6766.75,1182875.0,6514.150400390625
2025-10-03 00:00:00+00:00,6764.75,6800.0,6754.0,6764.0,1366239.0,6521.400400390625
2025-10-06 00:00:00+00:00,6768.0,6797.75,6766.5,6788.75,1087339.0,6528.675400390625
2025-10-07 00:00:00+00:00,6789.5,6802.75,6747.25,6761.5,1433808.0,6535.450400390625
2025-10-08 00:00:00+00:00,6766.0,6807.75,6758.25,6801.25,1047925.0,6543.355400390625
2025-10-09 00:00:00+00:00,6802.75,6812.25,6760.75,6779.25,1370466.0,6551.015400390625
2025-10-10 00:00:00+00:00,6779.5,6806.5,6540.25,6595.25,2570043.0,6555.435400390625
2025-10-13 00:00:00+00:00,6632.0,6711.5,6632.0,6694.75,2570043.0,6564.040400390625
2025-10-14 00:00:00+00:00,6691.0,6722.5,6593.25,6686.5,2147252.0,6570.650400390625
2025-10-15 00:00:00+00:00,6684.25,6766.75,6651.5,6715.0,2009854.0,6578.445400390625
2025-10-16 00:00:00+00:00,6715.25,6750.5,6632.0,6668.75,2221351.0,6584.400400390625
2025-10-17 00:00:00+00:00,6659.25,6718.0,6571.25,6702.5,2081456.0,6591.120400390625
2025-10-20 00:00:00+00:00,6721.0,6783.0,6694.0,6773.75,1207586.0,6598.325400390625
2025-10-21 00:00:00+00:00,6779.5,6789.75,6759.25,6773.25,1285745.0,6605.795400390625
2025-10-22 00:00:00+00:00,6776.0,6788.75,6690.75,6737.0,1905565.0,6611.165400390625
2025-10-23 00:00:00+00:00,6733.5,6785.75,6717.5,6775.0,1375494.0,6616.890400390625
2025-10-24 00:00:00+00:00,6778.25,6841.25,6776.5,6827.0,1279387.0,6623.620400390625
2025-10-27 00:00:00+00:00,6881.0,6916.25,6865.75,6908.25,1191278.0,6632.355400390625
2025-10-28 00:00:00+00:00,6914.0,6944.75,6901.5,6925.75,1221838.0,6641.485400390625
2025-10-29 00:00:00+00:00,6929.25,6952.0,6882.25,6922.75,1536995.0,6651.290400390625
2025-10-30 00:00:00+00:00,6906.5,6953.75,6851.0,6855.5,1817621.0,6660.135400390625
2025-10-31 00:00:00+00:00,6897.0,6918.5,6843.5,6874.0,1764133.0,6669.850400390625
2025-11-03 00:00:00+00:00,6878.0,6909.5,6849.5,6882.75,0.0,6677.840400390625
2025-11-04 00:00:00+00:00,6884.0,6884.0,6786.25,6801.75,1702971.0,6684.765400390625
2025-11-05 00:00:00+00:00,6801.0,6857.75,6748.5,6825.25,1467734.0,6691.620400390625
2025-11-06 00:00:00+00:00,6828.5,6843.5,6733.5,6747.5,1860279.0,6696.650400390625
2025-11-07 00:00:00+00:00,6763.0,6772.0,6655.5,6753.75,2127595.0,6701.375400390625
2025-11-10 00:00:00+00:00,6788.0,6865.75,6772.0,6856.75,1597305.0,6709.055400390625
2025-11-11 00:00:00+00:00,6857.25,6880.0,6830.5,6871.5,1348763.0,6717.975400390625
2025-11-12 00:00:00+00:00,6874.0,6900.5,6852.0,6875.75,1402032.0,6726.345400390625
2025-11-13 00:00:00+00:00,6873.25,6892.5,6746.0,6760.0,2087220.0,6731.330400390625
2025-11-14 00:00:00+00:00,6762.75,6795.5,6670.5,6755.25,2105234.0,6736.640400390625
2025-11-17 00:00:00+00:00,6764.75,6801.5,6658.5,6692.0,1883810.0,6740.360400390625
2025-11-18 00:00:00+00:00,6696.5,6708.75,6594.0,6639.75,2514985.0,6742.720400390625
2025-11-19 00:00:00+00:00,6630.75,6709.0,6613.25,6661.5,2041130.0,6745.155400390625
2025-11-20 00:00:00+00:00,6697.5,6791.25,6550.5,6557.5,2987357.0,6744.455400390625
2025-11-21 00:00:00+00:00,6560.0,6677.5,6525.0,6620.25,2592859.0,6745.095400390625
2025-11-24 00:00:00+00:00,6654.75,6731.75,6625.0,6721.25,1611105.0,6747.090400390625
2025-11-25 00:00:00+00:00,6726.25,6792.5,6674.5,6781.5,1656062.0,6750.505400390625
2025-11-26 00:00:00+00:00,6781.0,6846.75,6778.25,6828.0,1459184.0,6755.040400390625
2025-11-28 00:00:00+00:00,6830.25,6863.75,6824.25,6859.5,460053.0,6759.530400390625
2025-12-01 00:00:00+00:00,6854.75,6864.5,6802.0,6826.75,1472111.0,6762.89
2025-12-02 00:00:00+00:00,6829.0,6863.5,6812.25,6840.25,1455018.0,6764.645
2025-12-03 00:00:00+00:00,6843.0,6873.25,6817.5,6862.0,1310103.0,6767.585
2025-12-04 00:00:00+00:00,6866.0,6880.75,6836.25,6866.75,1323676.0,6771.075
2025-12-05 00:00:00+00:00,6865.5,6905.0,6856.75,6878.25,1336540.0,6775.445
2025-12-08 00:00:00+00:00,6883.0,6893.75,6835.25,6855.75,1257776.0,6778.63
2025-12-09 00:00:00+00:00,6865.0,6872.75,6844.0,6848.25,1008518.0,6781.325
2025-12-10 00:00:00+00:00,6847.25,6908.0,6830.75,6891.75,1473707.0,6784.385
2025-12-11 00:00:00+00:00,6887.0,6928.75,6817.5,6907.25,1815978.0,6787.3
2025-12-12 00:00:00+00:00,6914.0,6915.5,6805.0,6830.75,2609362.0,6788.58
2025-12-15 00:00:00+00:00,6831.0,6872.5,6806.25,6823.0,1771047.0,6789.76
2025-12-16 00:00:00+00:00,6825.25,6833.75,6762.0,6801.0,1070240.0,6790.005
2025-12-17 00:00:00+00:00,6796.0,6826.75,6723.75,6726.5,590558.0,6789.305
2025-12-18 00:00:00+00:00,6739.25,6818.5,6720.25,6778.25,416394.0,6788.845
2025-12-19 00:00:00+00:00,6772.25,6802.75,6768.0,6796.5400390625,1403081.0,6789.19080078125
2025-12-22 00:00:00+00:00,6906.25,6936.25,6900.5,6930.25,989308.0,6795.89080078125
2025-12-23 00:00:00+00:00,6930.75,6963.75,6913.25,6961.0,874601.0,6801.21580078125
2025-12-24 00:00:00+00:00,6959.5,6988.0,6952.5,6982.5,457055.0,6807.13580078125
2025-12-26 00:00:00+00:00,6979.5,6994.0,6969.0,6979.25,636544.0,6812.42080078125
2025-12-29 00:00:00+00:00,6980.5,6984.75,6936.0,6955.0,882739.0,6818.14580078125
2025-12-30 00:00:00+00:00,6956.5,6961.5,6940.75,6944.25,773655.0,6822.98080078125
2025-12-31 00:00:00+00:00,6945.5,6951.5,6890.25,6892.5,990179.0,6825.35580078125
2026-01-02 00:00:00+00:00,6902.0,6939.75,6866.75,6900.5,1571467.0,6827.90080078125
2026-01-05 00:00:00+00:00,6911.5,6963.5,6899.5,6943.75,1262018.0,6832.03580078125
2026-01-06 00:00:00+00:00,6945.5,6991.5,6931.0,6987.75,1192527.0,6836.29080078125
2026-01-07 00:00:00+00:00,6988.5,7006.75,6958.0,6963.25,1264816.0,6839.01580078125
2026-01-08 00:00:00+00:00,6967.5,6977.75,6935.25,6962.0,1303097.0,6840.09080078125
2026-01-09 00:00:00+00:00,6973.25,7017.5,6954.25,7005.0,1342341.0,6841.67580078125
2026-01-12 00:00:00+00:00,7007.0,7025.25,6950.0,7016.5,1063552.0,6843.55080078125
2026-01-13 00:00:00+00:00,7014.0,7036.25,6976.75,7001.75,1376658.0,6846.47580078125
2026-01-14 00:00:00+00:00,6998.5,7002.5,6923.25,6966.25,1768305.0,6848.32080078125
2026-01-15 00:00:00+00:00,6955.75,7017.25,6949.5,6981.75,1293668.0,6850.30080078125
2026-01-16 00:00:00+00:00,6986.75,7007.0,6960.5,6976.75,1297479.0,6853.80080078125
2026-01-20 00:00:00+00:00,6918.25,6935.0,6822.25,6829.5,2391547.0,6853.88580078125
2026-01-21 00:00:00+00:00,6839.0,6945.25,6814.5,6910.0,2200553.0,6857.13580078125
2026-01-22 00:00:00+00:00,6920.0,6969.0,6911.25,6945.0,1336659.0,6860.96080078125
2026-01-23 00:00:00+00:00,6938.0,6964.0,6924.75,6945.75,1221966.0,6862.74080078125
2026-01-26 00:00:00+00:00,6904.0,6995.5,6879.0,6981.25,1062544.0,6864.93580078125
2026-01-27 00:00:00+00:00,6977.0,7018.5,6972.0,7008.5,980139.0,6867.59080078125
2026-01-28 00:00:00+00:00,7010.25,7043.0,6977.25,7007.25,1187287.0,6872.53580078125
2026-01-29 00:00:00+00:00,7021.5,7029.5,6898.25,6992.75,1947645.0,6877.28580078125
2026-01-30 00:00:00+00:00,6992.75,6995.0,6917.5,6965.75,2046596.0,6882.76080078125
2026-02-02 00:00:00+00:00,6938.5,7017.25,6864.5,7002.5,1491899.0,6890.01580078125
2026-02-03 00:00:00+00:00,7004.25,7027.25,6886.25,6941.75,1942807.0,6895.62080078125
2026-02-04 00:00:00+00:00,6934.0,6965.75,6862.5,6906.25,2145116.0,6902.59580078125
2026-02-05 00:00:00+00:00,6915.5,6935.25,6785.0,6820.75,2107676.0,6906.60580078125
2026-02-06 00:00:00+00:00,6785.5,6965.5,6751.5,6952.75,1796075.0,6911.23580078125
2026-02-09 00:00:00+00:00,6960.25,7000.5,6921.0,6983.25,1198044.0,6915.27080078125
2026-02-10 00:00:00+00:00,6985.0,7006.5,6957.0,6961.5,1187062.0,6917.94080078125
2026-02-11 00:00:00+00:00,6971.5,7011.5,6931.0,6960.5,1498739.0,6919.96080078125
2026-02-12 00:00:00+00:00,6964.5,6992.75,6842.0,6851.0,2078744.0,6920.44580078125
2026-02-13 00:00:00+00:00,6865.5,6897.75,6808.75,6850.5,1803723.0,6920.65080078125
2026-02-17 00:00:00+00:00,6852.5,6885.5,6791.0,6860.5,1837384.0,6920.62080078125
2026-02-18 00:00:00+00:00,6862.75,6925.75,6848.75,6894.25,1346435.0,6921.17080078125
2026-02-19 00:00:00+00:00,6891.75,6912.5,6847.75,6877.0,1286455.0,6921.14580078125
2026-02-20 00:00:00+00:00,6874.25,6931.5,6847.25,6923.25,1816863.0,6922.49580078125
2026-02-23 00:00:00+00:00,6918.0,6930.25,6832.75,6851.5,1462094.0,6922.56080078125
2026-02-24 00:00:00+00:00,6858.25,6912.75,6828.5,6903.75,1335317.0,6922.80080078125
2026-02-25 00:00:00+00:00,6900.25,6983.75,6892.25,6959.75,1062293.0,6923.85080078125
2026-02-26 00:00:00+00:00,6965.0,6970.75,6870.75,6920.0,1548837.0,6925.63580078125
2026-02-27 00:00:00+00:00,6899.0,6915.5,6841.5,6889.0,1638910.0,6926.95580078125
2026-03-02 00:00:00+00:00,6820.0,6911.25,6768.5,6888.25,1844835.0,6928.70080078125
2026-03-03 00:00:00+00:00,6883.5,6886.0,6718.75,6824.75,2259359.0,6930.66580078125
2026-03-04 00:00:00+00:00,6813.25,6894.0,6773.5,6876.0,1546814.0,6932.62080078125
2026-03-05 00:00:00+00:00,6883.25,6900.75,6777.0,6835.25,1948470.0,6933.395
2026-03-06 00:00:00+00:00,6826.0,6854.0,6715.75,6743.75,1940173.0,6929.665
2026-03-09 00:00:00+00:00,6685.5,6818.5,6584.5,6801.0,2265287.0,6926.465
2026-03-10 00:00:00+00:00,6800.75,6852.0,6762.5,6787.25,1893966.0,6922.56
2026-03-11 00:00:00+00:00,6796.75,6822.5,6749.75,6779.5,1603374.0,6918.565
2026-03-12 00:00:00+00:00,6766.0,6769.5,6671.75,6677.5,2042016.0,6913.015
2026-03-13 00:00:00+00:00,6684.25,6737.5,6625.0,6636.0,2407679.0,6906.85
2026-03-16 00:00:00+00:00,6608.5,6734.25,6608.5,6704.75,2025388.0,6903.095
2026-03-17 00:00:00+00:00,6700.0,6757.5,6665.25,6721.75,834934.0,6899.52
2026-03-18 00:00:00+00:00,6722.5,6762.25,6604.0,6626.0,501911.0,6893.165
2026-03-19 00:00:00+00:00,6622.0,6644.5,6561.75,6609.25,450179.0,6885.595
2026-03-20 00:00:00+00:00,6622.75,6635.0,6558.0,6594.6298828125,2011431.0,6878.22259765625
2026-03-23 00:00:00+00:00,6510.0,6748.0,6483.5,6634.75,2176195.0,6871.67759765625
2026-03-24 00:00:00+00:00,6635.0,6680.5,6573.5,6606.0,1924003.0,6863.69759765625
2026-03-25 00:00:00+00:00,6646.5,6684.75,6616.5,6640.75,1709266.0,6856.18259765625
2026-03-26 00:00:00+00:00,6641.5,6647.0,6517.0,6525.0,1689160.0,6846.64759765625
2026-03-27 00:00:00+00:00,6536.0,6568.5,6389.0,6412.25,1918291.0,6835.56759765625
2026-03-30 00:00:00+00:00,6380.0,6481.75,6359.5,6388.25,1793061.0,6823.69759765625
2026-03-31 00:00:00+00:00,6385.25,6583.25,6353.25,6570.75,2363577.0,6815.57759765625
2026-04-01 00:00:00+00:00,6562.0,6653.75,6561.0,6617.75,1752607.0,6811.34259765625
2026-04-02 00:00:00+00:00,6618.5,6644.5,6503.75,6622.25,1965184.0,6805.58759765625
2026-04-06 00:00:00+00:00,6590.0,6661.0,6567.0,6651.0,1103916.0,6799.70759765625
2026-04-07 00:00:00+00:00,6650.5,6673.5,6572.75,6656.75,1997800.0,6793.92759765625
2026-04-08 00:00:00+00:00,6689.0,6847.25,6652.25,6823.75,2199329.0,6790.77759765625
2026-04-09 00:00:00+00:00,6814.25,6876.0,6792.5,6863.25,1604541.0,6787.87259765625
2026-04-10 00:00:00+00:00,6858.0,6888.0,6846.25,6855.25,1312566.0,6784.83259765625
2026-04-13 00:00:00+00:00,6780.0,6928.25,6767.0,6922.75,1541313.0,6783.43259765625
2026-04-14 00:00:00+00:00,6925.25,7008.0,6920.25,7004.75,1356650.0,6784.21259765625
2026-04-15 00:00:00+00:00,7004.0,7064.5,6991.75,7060.5,1395387.0,6785.37259765625
2026-04-16 00:00:00+00:00,7057.25,7089.0,7046.5,7077.0,1360502.0,6788.07759765625
2026-04-17 00:00:00+00:00,7077.25,7185.75,7075.25,7161.5,1847098.0,6793.18259765625
2026-04-20 00:00:00+00:00,7102.5,7160.5,7085.0,7148.0,1374523.0,6799.72759765625
2026-04-21 00:00:00+00:00,7150.75,7183.0,7085.0,7100.0,1819102.0,6802.67259765625
2026-04-22 00:00:00+00:00,7125.0,7173.0,7121.25,7171.25,1185812.0,6806.43259765625
2026-04-23 00:00:00+00:00,7163.0,7181.5,7079.25,7143.5,1862446.0,6810.07259765625
2026-04-24 00:00:00+00:00,7143.0,7200.5,7135.5,7194.75,1463962.0,6814.75759765625
2026-04-27 00:00:00+00:00,7185.0,7211.25,7171.5,7206.0,1085690.0,6821.85759765625
2026-04-28 00:00:00+00:00,7204.75,7223.25,7146.25,7171.0,1361467.0,6828.26759765625
2026-04-29 00:00:00+00:00,7172.5,7190.75,7131.25,7168.0,1368362.0,6834.41759765625
2026-04-30 00:00:00+00:00,7150.0,7253.5,7133.75,7243.75,1732392.0,6841.40759765625
2026-05-01 00:00:00+00:00,7256.0,7300.75,7240.75,7258.0,1263615.0,6849.02759765625
2026-05-04 00:00:00+00:00,7276.25,7279.75,7199.5,7230.25,1581015.0,6855.16759765625
2026-05-05 00:00:00+00:00,7228.75,7304.25,7223.75,7287.25,1115385.0,6863.88259765625
2026-05-06 00:00:00+00:00,7300.5,7395.75,7293.5,7389.5,1631260.0,6873.59759765625
2026-05-07 00:00:00+00:00,7380.5,7410.5,7345.5,7363.0,1753384.0,6881.66259765625
2026-05-08 00:00:00+00:00,7340.0,7427.75,7336.25,7419.0,1312034.0,6891.64259765625
2026-05-11 00:00:00+00:00,7403.5,7454.75,7390.5,7436.75,1233354.0,6902.59759765625
2026-05-12 00:00:00+00:00,7435.5,7443.75,7363.25,7426.5,1625151.0,6913.36259765625
2026-05-13 00:00:00+00:00,7419.25,7483.75,7399.0,7469.5,1301334.0,6926.25759765625
2026-05-14 00:00:00+00:00,7477.5,7540.0,7471.0,7525.5,1371818.0,6939.24759765625
2026-05-15 00:00:00+00:00,7522.25,7528.25,7409.25,7432.25,1371818.0,6951.18759765625
2026-05-18 00:00:00+00:00,7410.0,7454.25,7373.5,7425.75,1983487.0,6964.82759765625
2026-05-19 00:00:00+00:00,7423.5,7440.75,7354.25,7378.0,1804940.0,6976.36759765625
2026-05-20 00:00:00+00:00,7377.0,7458.0,7356.0,7451.75,1585626.0,6989.65759765625
2026-05-21 00:00:00+00:00,7432.75,7486.75,7407.5,7466.0,1738205.0,7003.38759765625
2026-05-22 00:00:00+00:00,7467.0,7524.0,7466.75,7491.0,1738205.0,7019.65759765625
